"","x"
"1","4"
"2","6"
"3","8"
"4","11"
"5","12"
"6","15"
"7","16"
"8","17"
"9","19"
"10","20"
"11","22"
"12","23"
"13","24"
"14","25"
"15","26"
"16","27"
"17","33"
"18","34"
"19","37"
"20","39"
"21","40"
"22","44"
"23","53"
"24","54"
"25","56"
"26","59"
"27","66"
"28","69"
"29","70"
"30","71"
"31","73"
"32","74"
"33","75"
"34","77"
"35","79"
"36","83"
"37","84"
"38","86"
"39","87"
"40","89"
"41","90"
"42","91"
"43","93"
"44","94"
"45","96"
"46","98"
"47","100"
"48","104"
"49","105"
"50","106"
"51","107"
"52","110"
"53","120"
"54","121"
"55","122"
"56","123"
"57","130"
"58","132"
"59","134"
"60","135"
"61","138"
"62","140"
"63","142"
"64","145"
"65","149"
"66","154"
"67","163"
"68","168"
"69","174"
"70","178"
"71","180"
"72","181"
"73","182"
"74","183"
"75","187"
"76","190"
"77","191"
"78","192"
"79","197"
"80","198"
"81","200"
"82","203"
"83","204"
"84","205"
"85","206"
"86","211"
"87","212"
"88","215"
"89","218"
"90","220"
"91","226"
"92","228"
"93","229"
"94","230"
"95","234"
"96","235"
"97","236"
"98","242"
"99","246"
"100","251"
"101","254"
"102","256"
"103","257"
"104","261"
"105","263"
"106","265"
"107","274"
"108","280"
"109","281"
"110","284"
"111","285"
"112","286"
"113","287"
"114","288"
"115","289"
"116","295"
"117","304"
"118","305"
"119","308"
"120","312"
"121","324"
"122","327"
"123","332"
"124","336"
"125","340"
"126","341"
"127","348"
"128","353"
"129","357"
"130","363"
"131","365"
"132","366"
"133","368"
"134","375"
"135","385"
"136","388"
"137","389"
"138","391"
"139","395"
"140","396"
"141","397"
"142","398"
"143","400"
"144","407"
"145","408"
"146","410"
"147","411"
"148","422"
"149","425"
"150","429"
"151","430"
"152","433"
"153","435"
"154","436"
"155","437"
"156","440"
"157","444"
"158","446"
"159","448"
"160","449"
"161","451"
"162","452"
"163","453"
"164","459"
"165","460"
"166","463"
"167","464"
"168","466"
"169","471"
"170","473"
"171","475"
"172","480"
"173","488"
"174","512"
"175","513"
"176","514"
"177","517"
"178","536"
"179","542"
"180","544"
"181","547"
"182","548"
"183","549"
"184","552"
"185","553"
"186","554"
"187","557"
"188","560"
"189","569"
"190","572"
"191","576"
"192","581"
"193","582"
"194","586"
"195","588"
"196","591"
"197","592"
"198","593"
"199","595"
"200","602"
"201","608"
"202","609"
"203","610"
"204","612"
"205","614"
"206","617"
"207","625"
"208","628"
"209","629"
"210","637"
"211","644"
"212","646"
"213","653"
"214","669"
"215","671"
"216","675"
"217","684"
"218","688"
"219","689"
"220","690"
"221","693"
"222","698"
"223","704"
"224","708"
"225","713"
"226","718"
"227","719"
"228","721"
"229","732"
"230","733"
"231","736"
"232","739"
"233","740"
"234","741"
"235","747"
"236","749"
"237","753"
"238","759"
"239","761"
"240","769"
"241","775"
"242","777"
"243","778"
"244","783"
"245","789"
"246","791"
"247","794"
"248","797"
"249","798"
"250","801"
"251","802"
"252","803"
"253","806"
"254","808"
"255","810"
"256","816"
"257","819"
"258","820"
"259","823"
"260","829"
"261","833"
"262","835"
"263","837"
"264","844"
"265","851"
"266","854"
"267","861"
"268","870"
"269","879"
"270","881"
"271","884"
"272","886"
"273","890"
"274","891"
"275","892"
"276","897"
"277","901"
"278","909"
"279","912"
"280","918"
"281","920"
"282","927"
"283","931"
"284","935"
"285","937"
"286","943"
"287","948"
"288","949"
"289","950"
