chrom,,variant,pos,HGVSc,,,,score,sd
17,,p.Ala105Asp,78078699,314C>A,,,,0.4444,0.08230455637
17,,p.Ala105Val,78078699,314C>T,,,,0.8338,0.2072247331
17,,p.Ala120Gly,78078744,359C>G,,,,0.7578,0.1984148264
17,,p.Ala17Thr,78078434,49G>A,,,,0.0410,0.03373410737
17,,p.Ala17Val,78078435,50C>T,,,,0.0345,0.03176071998
17,,p.Ala187Gly,78079561,560C>G,,,,0.7111,0.04766113021
17,,p.Ala204Thr,78079611,610G>A,,,,0.5126,0.0634006572
17,,p.Ala22Val,78078450,65C>T,,,,0.6233,0.06528011438
17,,p.Ala242Glu,78081388,725C>A,,,,0.2728,0.01430745726
17,,p.Ala24Thr,78078455,70G>A,,,,0.0385,0.02115060369
17,,p.Ala25Val,78078459,74C>T,,,,0.8805,0.1095205896
17,,p.Ala261Thr,78081444,781G>A,,,,0.1762,0.013353776
17,,p.Ala284Gly,78081514,851C>G,,,,0.7516,0.06308716193
17,,p.Ala284Thr,78081513,850G>A,,,,0.2702,0.03753775877
17,,p.Ala284Val,78081514,851C>T,,,,0.1750,0.01434724131
17,,p.Ala289Val,78081606,866C>T,,,,0.5769,0.06949534757
17,,p.Ala327Thr,78082112,979G>A,,,,0.7180,0.0637554965
17,,p.Ala452Ser,78083771,1354G>T,,,,0.3654,0.04913257575
17,,p.Ala554Val,78085806,1661C>T,,,,0.1883,0.01509977925
17,,p.Ala582Thr,78085889,1744G>A,,,,0.2824,0.02446841501
17,,p.Ala586Val,78086379,1757C>T,,,,0.0867,0.0499592167
17,,p.Ala610Thr,78086450,1828G>A,,,,0.2990,0.1015845133
17,,p.Ala625Thr,78086495,1873G>A,,,,0.8566,0.07180088207
17,,p.Ala644Ser,78086716,1930G>T,,,,0.6465,0.09366009467
17,,p.Ala644Val,78086717,1931C>T,,,,0.5925,0.09576044765
17,,p.Ala698Thr,78087068,2092G>A,,,,1.0836,0.107535715
17,,p.Ala704Thr,78087086,2110G>A,,,,0.5250,0.04415136842
17,,p.Ala70Glu,78078594,209C>A,,,,0.5861,0.06347944511
17,,p.Ala719Glu,78087132,2156C>A,,,,1.0153,0.132406961
17,,p.Ala719Ser,78087131,2155G>T,,,,1.1260,0.1195542694
17,,p.Ala719Thr,78087131,2155G>A,,,,0.9915,0.03645440074
17,,p.Ala719Val,78087132,2156C>T,,,,0.8139,0.08959254061
17,,p.Ala749Ser,78090822,2245G>T,,,,0.4108,0.02514597383
17,,p.Ala761Gly,78090859,2282C>G,,,,0.6099,0.2287121408
17,,p.Ala77Pro,78078614,229G>C,,,,0.7190,0.1103195812
17,,p.Ala791Ser,78091438,2371G>T,,,,0.6505,0.06435404675
17,,p.Ala791Val,78091439,2372C>T,,,,0.7469,0.1772967287
17,,p.Ala797Thr,78091456,2389G>A,,,,0.4113,0.1116435399
17,,p.Ala820Ser,78091525,2458G>T,,,,0.9797,0.04664486395
17,,p.Ala844Asp,78092041,2531C>A,,,,0.0223,0.02399708316
17,,p.Ala897Gly,78092495,2690C>G,,,,1.0839,0.1319357546
17,,p.Ala912Val,78092540,2735C>T,,,,1.2359,0.07147817849
17,,p.Ala93Thr,78078662,277G>A,,,,0.0006,0.00664630223
17,,p.Arg106His,78078702,317G>A,,,,0.0939,0.02002307003
17,,p.Arg11Gln,78078417,32G>A,,,,0.2342,0.04409773237
17,,p.Arg11Leu,78078417,32G>T,,,,0.2313,0.0431311469
17,,p.Arg11Trp,78078416,31C>T,,,,1.3544,0.1246595497
17,,p.Arg154Cys,78078845,460C>T,,,,0.0727,0.01929429968
17,,p.Arg154His,78078846,461G>A,,,,0.0462,0.003278719262
17,,p.Arg168Leu,78078888,503G>T,,,,0.1568,0.02265752267
17,,p.Arg168Trp,78078887,502C>T,,,,0.6402,0.1616363511
17,,p.Arg178Cys,78078917,532C>T,,,,0.6498,0.1092822187
17,,p.Arg190Cys,78079569,568C>T,,,,0.0412,0.00277908858
17,,p.Arg190Leu,78079570,569G>T,,,,0.1101,0.02672381896
17,,p.Arg199His,78079597,596G>A,,,,0.8526,0.1662231031
17,,p.Arg203Gln,78079609,608G>A,,,,1.0734,0.10859558
17,,p.Arg203Trp,78079608,607C>T,,,,0.1910,0.05128755535
17,,p.Arg229Cys,78079686,685C>T,,,,0.7777,0.09418826891
17,,p.Arg229His,78079687,686G>A,,,,0.7071,0.1065025352
17,,p.Arg281Gln,78081505,842G>A,,,,0.4446,0.09441864223
17,,p.Arg375Cys,78082335,1123C>T,,,,0.0637,0.03430544175
17,,p.Arg385Cys,78082365,1153C>T,,,,0.1791,0.01809336895
17,,p.Arg385His,78082366,1154G>A,,,,0.0436,0.02890611239
17,,p.Arg40Gln,78078504,119G>A,,,,0.6766,0.03799648327
17,,p.Arg411Gln,78082533,1232G>A,,,,0.5900,0.16774267
17,,p.Arg411Trp,78082532,1231C>T,,,,0.0858,0.0604506617
17,,p.Arg422Gln,78082566,1265G>A,,,,0.5342,0.01476019422
17,,p.Arg422Trp,78082565,1264C>T,,,,0.3757,0.03398269167
17,,p.Arg436Gln,78082608,1307G>A,,,,0.4275,0.01825166659
17,,p.Arg436Trp,78082607,1306C>T,,,,0.6114,0.04956843754
17,,p.Arg437His,78082611,1310G>A,,,,0.2922,0.01534937567
17,,p.Arg463Trp,78083804,1387C>T,,,,0.1455,0.04437330278
17,,p.Arg464Lys,78083808,1391G>A,,,,0.2173,0.02900109193
17,,p.Arg464Ser,78083809,1392G>C,,,,0.0250,0.0151500275
17,,p.Arg4Lys,78078396,11G>A,,,,0.0658,0.0448772771
17,,p.Arg591Gln,78086394,1772G>A,,,,0.8932,0.05759866897
17,,p.Arg591Trp,78086393,1771C>T,,,,0.0210,0.01453971572
17,,p.Arg608Gln,78086445,1823G>A,,,,0.9017,0.06036433826
17,,p.Arg66Gln,78078582,197G>A,,,,0.4723,0.1223299371
17,,p.Arg74His,78078606,221G>A,,,,0.2634,0.01325028302
17,,p.Arg74Pro,78078606,221G>C,,,,0.5556,0.05145454305
17,,p.Arg794His,78091448,2381G>A,,,,0.7338,0.1102379396
17,,p.Arg819Gln,78091523,2456G>A,,,,0.1577,0.02130172137
17,,p.Arg819Trp,78091522,2455C>T,,,,-0.0164,0.01833618917
17,,p.Arg837Cys,78092019,2509C>T,,,,0.1361,0.004916638418
17,,p.Arg837His,78092020,2510G>A,,,,0.1269,0.01743597813
17,,p.Arg854Gln,78092071,2561G>A,,,,0.9049,0.01060393009
17,,p.Arg870Gln,78092119,2609G>A,,,,0.3981,0.04609775844
17,,p.Arg881Gly,78092151,2641A>G,,,,1.1330,0.1015041378
17,,p.Arg891Cys,78092476,2671C>T,,,,0.2395,0.01661154217
17,,p.Arg891His,78092477,2672G>A,,,,0.1772,0.02151193467
17,,p.Arg89Cys,78078650,265C>T,,,,0.1543,0.04263285118
17,,p.Arg89His,78078651,266G>A,,,,0.1328,0.009713907556
17,,p.Asn140Lys,78078805,420C>A,,,,0.1262,0.02061172805
17,,p.Asn280Lys,78081503,840C>G,,,,0.0136,0.02415201855
17,,p.Asn536Ser,78084795,1607A>G,,,,0.9891,0.0718237658
17,,p.Asn675Thr,78086810,2024A>C,,,,-0.0106,0.02080480714
17,,p.Asn87His,78078644,259A>C,,,,0.1684,0.04070147417
17,,p.Asp163Val,78078873,488A>T,,,,0.0604,0.02875940426
17,,p.Asp34Tyr,78078485,100G>T,,,,0.3968,0.04640226288
17,,p.Asp459Glu,78083794,1377C>G,,,,0.2762,0.1251618552
17,,p.Asp513Asn,78084625,1537G>A,,,,0.2207,0.01359301291
17,,p.Asp741Asn,78090798,2221G>A,,,,0.9886,0.1466206271
17,,p.Asp741Glu,78090800,2223C>G,,,,0.7455,0.08515082697
17,,p.Asp83Asn,78078632,247G>A,,,,0.5244,0.06889259757
17,,p.Asp83Val,78078633,248A>T,,,,0.8015,0.03296215001
17,,p.Asp861Asn,78092091,2581G>A,,,,0.1944,0.03948282327
17,,p.Asp91Asn,78078656,271G>A,,,,0.9955,0.01717624328
17,,p.Asp91Tyr,78078656,271G>T,,,,0.8646,0.05732983516
17,,p.Asp931Asn,78092596,2791G>A,,,,1.3105,0.2197697962
17,,p.Cys16Ser,78078432,47G>C,,,,0.2721,0.03793287932
17,,p.Cys8Tyr,78078408,23G>A,,,,0.5710,0.1387616301
17,,p.Gln100Glu,78078683,298C>G,,,,0.0688,0.02268090239
17,,p.Gln121Arg,78078747,362A>G,,,,0.9525,0.07716944559
17,,p.Gln353Arg,78082191,1058A>G,,,,0.0235,0.02975548969
17,,p.Gln429Arg,78082587,1286A>G,,,,0.0910,0.03813279429
17,,p.Gln429Glu,78082586,1285C>G,,,,0.4673,0.03290992758
17,,p.Gln433Arg,78082599,1298A>G,,,,1.1508,0.1894189097
17,,p.Gln553Arg,78085803,1658A>G,,,,0.2809,0.03436204301
17,,p.Gln693Arg,78087054,2078A>G,,,,1.1786,0.06755716098
17,,p.Gln69Arg,78078591,206A>G,,,,0.5067,0.07606700445
17,,p.Gln69Glu,78078590,205C>G,,,,0.8192,0.3228946784
17,,p.Gln803Arg,78091475,2408A>G,,,,0.6355,0.1677256788
17,,p.Glu104Gln,78078695,310G>C,,,,0.9891,0.07884531269
17,,p.Glu104Lys,78078695,310G>A,,,,0.7977,0.05320454241
17,,p.Glu145Asp,78078820,435A>T,,,,0.1712,0.02855246633
17,,p.Glu174Asp,78078907,522G>T,,,,0.1220,0.006789207121
17,,p.Glu192Asp,78079577,576G>C,,,,0.4927,0.08602245831
17,,p.Glu212Lys,78079635,634G>A,,,,-0.0080,0.006667843571
17,,p.Glu215Lys,78079644,643G>A,,,,0.1264,0.03175300511
17,,p.Glu389Lys,78082377,1165G>A,,,,0.3907,0.09203137146
17,,p.Glu430Lys,78082589,1288G>A,,,,0.2228,0.07881278978
17,,p.Glu460Lys,78083795,1378G>A,,,,0.0339,0.01656572767
17,,p.Glu471Lys,78083828,1411G>A,,,,0.1272,0.008451232652
17,,p.Glu689Gly,78087042,2066A>G,,,,0.9723,0.0785521695
17,,p.Glu689Lys,78087041,2065G>A,,,,1.0590,0.1936113891
17,,p.Glu721Gln,78087137,2161G>C,,,,0.4160,0.07661705641
17,,p.Glu801Lys,78091468,2401G>A,,,,0.7157,0.09006938066
17,,p.Glu835Asp,78092015,2505G>C,,,,0.6327,0.03453075923
17,,p.Gly107Ser,78078704,319G>A,,,,0.1985,0.03752390349
17,,p.Gly123Glu,78078753,368G>A,,,,0.7536,0.2407729013
17,,p.Gly228Ser,78079683,682G>A,,,,0.6321,0.07430722262
17,,p.Gly288Asp,78081603,863G>A,,,,0.7501,0.07096487394
17,,p.Gly288Ser,78081602,862G>A,,,,0.4774,0.08064244127
17,,p.Gly304Ser,78081650,910G>A,,,,1.0406,0.1249880528
17,,p.Gly305Arg,78081653,913G>A,,,,0.0228,0.03061802301
17,,p.Gly368Ser,78082314,1102G>A,,,,0.1519,0.006879195689
17,,p.Gly435Ser,78082604,1303G>A,,,,0.6167,0.09904808597
17,,p.Gly44Val,78078516,131G>T,,,,1.1419,0.1484614288
17,,p.Gly453Arg,78083774,1357G>A,,,,0.3901,0.03232403646
17,,p.Gly473Ser,78083834,1417G>A,,,,0.9611,0.06102477639
17,,p.Gly514Ser,78084628,1540G>A,,,,0.1627,0.03344253778
17,,p.Gly549Trp,78085790,1645G>T,,,,0.0266,0.03164743276
17,,p.Gly576Ser,78085871,1726G>A,,,,0.4157,0.0717092974
17,,p.Gly592Glu,78086397,1775G>A,,,,0.8152,0.1190633865
17,,p.Gly59Glu,78078561,176G>A,,,,0.7234,0.1357387789
17,,p.Gly73Ser,78078602,217G>A,,,,0.1662,0.0620398998
17,,p.Gly747Arg,78090816,2239G>C,,,,0.0114,0.005273518749
17,,p.Gly759Arg,78090852,2275G>A,,,,0.6294,0.1151618571
17,,p.Gly802Arg,78091471,2404G>A,,,,0.0363,0.03532284436
17,,p.Gly851Ala,78092062,2552G>C,,,,0.0401,0.02065889639
17,,p.Gly851Glu,78092062,2552G>A,,,,0.2556,0.02426499536
17,,p.Gly851Val,78092062,2552G>T,,,,0.0996,0.00998048095
17,,p.Gly920Ser,78092563,2758G>A,,,,0.5788,0.4948418838
17,,p.His180Arg,78078924,539A>G,,,,0.5945,0.2075488617
17,,p.His223Arg,78079669,668A>G,,,,0.9020,0.1260039814
17,,p.His263Arg,78081451,788A>G,,,,0.5922,0.09672233455
17,,p.His295Asn,78081623,883C>A,,,,0.1020,0.008599030953
17,,p.His308Gln,78081664,924C>A,,,,0.0232,0.02833813685
17,,p.His308Tyr,78081662,922C>T,,,,0.2126,0.04746475886
17,,p.His33Arg,78078483,98A>G,,,,0.0548,0.02993743476
17,,p.His395Leu,78082396,1184A>T,,,,0.1188,0.02992329082
17,,p.His53Arg,78078543,158A>G,,,,0.2564,0.05780288343
17,,p.His53Asn,78078542,157C>A,,,,0.3164,0.02602966257
17,,p.His56Tyr,78078551,166C>T,,,,0.2913,0.005047771786
17,,p.His572Gln,78085861,1716C>A,,,,0.0057,0.01486973997
17,,p.His612Arg,78086457,1835A>G,,,,0.0012,0.01643177815
17,,p.His708Asn,78087098,2122C>A,,,,0.3367,0.03874274126
17,,p.His708Asp,78087098,2122C>G,,,,0.1835,0.05704439791
17,,p.His708Tyr,78087098,2122C>T,,,,0.9338,0.1452303802
17,,p.His71Gln,78078598,213C>A,,,,0.6177,0.05975904395
17,,p.Ile183Met,78079550,549C>G,,,,0.1350,0.02717578579
17,,p.Ile257Val,78081432,769A>G,,,,0.9732,0.1843417207
17,,p.Ile336Asn,78082140,1007T>A,,,,0.5011,0.07738587296
17,,p.Ile341Val,78082154,1021A>G,,,,0.6494,0.1027500041
17,,p.Ile446Leu,78083753,1336A>C,,,,0.0304,0.03692185441
17,,p.Ile446Val,78083753,1336A>G,,,,0.0446,0.02222641072
17,,p.Ile517Val,78084637,1549A>G,,,,0.8041,0.1128328705
17,,p.Ile557Val,78085814,1669A>G,,,,0.0808,0.019508716
17,,p.Ile581Leu,78085886,1741A>C,,,,0.4519,0.05942342411
17,,p.Ile581Met,78085888,1743C>G,,,,0.5970,0.03826569395
17,,p.Ile780Leu,78091405,2338A>T,,,,0.5996,0.1054378648
17,,p.Ile780Val,78091405,2338A>G,,,,0.3218,0.02031772625
17,,p.Ile798Val,78091459,2392A>G,,,,0.1040,0.03213414591
17,,p.Ile823Leu,78091534,2467A>C,,,,0.1515,0.0108029317
17,,p.Ile937Val,78093080,2809A>G,,,,0.1546,0.01867145772
17,,p.Ile98Phe,78078677,292A>T,,,,-0.0047,0.01138083184
17,,p.Leu12Phe,78078419,34C>T,,,,0.9119,0.2735646176
17,,p.Leu12Pro,78078420,35T>C,,,,0.3707,0.005404936016
17,,p.Leu138Val,78078797,412C>G,,,,1.1519,0.02101650145
17,,p.Leu226Pro,78079678,677T>C,,,,0.8830,0.06983053296
17,,p.Leu226Val,78079677,676C>G,,,,0.6218,0.08705023454
17,,p.Leu246Phe,78081399,736C>T,,,,0.4095,0.0342126195
17,,p.Leu26Phe,78078461,76C>T,,,,0.2485,0.05430583149
17,,p.Leu27Val,78078464,79C>G,,,,1.1011,0.1260640313
17,,p.Leu312Met,78081674,934C>A,,,,0.9436,0.1215442683
17,,p.Leu37Val,78078494,109C>G,,,,0.2404,0.02887184326
17,,p.Leu398Met,78082404,1192C>A,,,,0.1686,0.01428297355
17,,p.Leu552Ile,78085799,1654C>A,,,,0.2684,0.04535309618
17,,p.Leu637Met,78086695,1909C>A,,,,0.5778,0.1404820392
17,,p.Leu769Phe,78090884,2307G>C,,,,0.0903,0.01946800794
17,,p.Leu775Met,78090900,2323C>A,,,,0.6600,0.1444377028
17,,p.Leu783Phe,78091414,2347C>T,,,,0.8543,0.06845750507
17,,p.Leu879Val,78092145,2635C>G,,,,0.8059,0.06074021183
17,,p.Leu901Met,78092506,2701C>A,,,,1.1627,0.03091542226
17,,p.Leu935Val,78093074,2803C>G,,,,0.2525,0.03380019724
17,,p.Leu948Phe,78093113,2842C>T,,,,0.9387,0.1898932419
17,,p.Lys348Arg,78082176,1043A>G,,,,0.1373,0.03081466101
17,,p.Lys733Arg,78090775,2198A>G,,,,0.5962,0.07479634572
17,,p.Lys96Glu,78078671,286A>G,,,,0.9153,0.04253061642
17,,p.Met122Arg,78078750,365T>G,,,,0.3039,0.03282422886
17,,p.Met363Arg,78082300,1088T>G,,,,-0.0034,0.01923936936
17,,p.Met391Thr,78082384,1172T>C,,,,0.3189,0.02222933497
17,,p.Met391Val,78082383,1171A>G,,,,0.5562,0.02543639125
17,,p.Met408Leu,78082523,1222A>T,,,,0.0152,0.03075987646
17,,p.Met440Ile,78082621,1320G>T,,,,0.5749,0.06957660047
17,,p.Met440Thr,78082620,1319T>C,,,,0.3411,0.02685522916
17,,p.Met671Thr,78086798,2012T>C,,,,0.0769,0.02784798018
17,,p.Met671Val,78086797,2011A>G,,,,0.2452,0.01765106229
17,,p.Met943Thr,78093099,2828T>C,,,,1.0201,0.04351149273
17,,p.Phe181Leu,78078926,541T>C,,,,0.0611,0.03862369739
17,,p.Phe218Ser,78079654,653T>C,,,,0.0704,0.02366791077
17,,p.Phe396Leu,78082400,1188C>G,,,,0.5415,0.06522568512
17,,p.Phe396Val,78082398,1186T>G,,,,0.4985,0.01350049382
17,,p.Phe512Leu,78084624,1536C>A,,,,1.0053,0.2525358588
17,,p.Phe713Leu,78087113,2137T>C,,,,0.0945,0.0183003643
17,,p.Phe90Leu,78078653,268T>C,,,,0.0370,0.008163536815
17,,p.Pro130Ser,78078773,388C>T,,,,0.2200,0.02969057089
17,,p.Pro134Ser,78078785,400C>T,,,,0.1777,0.0587162953
17,,p.Pro198Leu,78079594,593C>T,,,,0.6603,0.0629047163
17,,p.Pro205Leu,78079615,614C>T,,,,0.7791,0.07052214782
17,,p.Pro285Leu,78081517,854C>T,,,,0.0988,0.1001420491
17,,p.Pro287Ser,78081599,859C>T,,,,0.5855,0.08249090859
17,,p.Pro324Arg,78082104,971C>G,,,,0.0212,0.007006425622
17,,p.Pro324Gln,78082104,971C>A,,,,0.1772,0.02132424285
17,,p.Pro365Ser,78082305,1093C>T,,,,0.8497,0.2079898315
17,,p.Pro397Arg,78082402,1190C>G,,,,0.0101,0.01741512752
17,,p.Pro39Ser,78078500,115C>T,,,,0.5402,0.06876251117
17,,p.Pro425Gln,78082575,1274C>A,,,,0.1986,0.01077698164
17,,p.Pro425Leu,78082575,1274C>T,,,,0.7207,0.06494520768
17,,p.Pro444Ser,78083747,1330C>T,,,,0.2157,0.01227286981
17,,p.Pro451Arg,78083769,1352C>G,,,,0.6359,0.07033071875
17,,p.Pro475Leu,78083841,1424C>T,,,,1.2048,0.1854616223
17,,p.Pro488Ala,78084550,1462C>G,,,,1.2871,0.167460453
17,,p.Pro542Ser,78084812,1624C>T,,,,0.4689,0.03456650595
17,,p.Pro54Thr,78078545,160C>A,,,,0.5880,0.04507730397
17,,p.Pro595Leu,78086406,1784C>T,,,,0.0116,0.0258895571
17,,p.Pro629Leu,78086508,1886C>T,,,,0.1278,0.03766713864
17,,p.Pro669Arg,78086792,2006C>G,,,,-0.0130,0.0211802581
17,,p.Pro684Leu,78087027,2051C>T,,,,0.1180,0.03017305641
17,,p.Pro684Ser,78087026,2050C>T,,,,0.2789,0.03729034728
17,,p.Pro690Leu,78087045,2069C>T,,,,0.0053,0.003655589328
17,,p.Pro6Leu,78078402,17C>T,,,,0.8413,0.1516043205
17,,p.Pro732Thr,78090771,2194C>A,,,,0.7202,0.0774861493
17,,p.Pro75Ser,78078608,223C>T,,,,0.5741,0.09804189581
17,,p.Pro789Ala,78091432,2365C>G,,,,0.1324,0.01292181618
17,,p.Pro789Arg,78091433,2366C>G,,,,0.6192,0.08200002033
17,,p.Pro79Ser,78078620,235C>T,,,,-0.0070,0.01274715655
17,,p.Pro808Leu,78091490,2423C>T,,,,0.5417,0.1612762847
17,,p.Pro810Leu,78091496,2429C>T,,,,0.8712,0.03470019212
17,,p.Pro810Ser,78091495,2428C>T,,,,1.0181,0.06496032122
17,,p.Pro829Leu,78091996,2486C>T,,,,0.6361,0.1225729035
17,,p.Pro86Arg,78078642,257C>G,,,,0.1910,0.03946048657
17,,p.Pro94Thr,78078665,280C>A,,,,0.2098,0.01357902795
17,,p.Ser132Thr,78078780,395G>C,,,,0.5667,0.0495770108
17,,p.Ser135Arg,78078790,405C>A,,,,0.1154,0.0189711184
17,,p.Ser142Arg,78078811,426C>A,,,,0.9011,0.2450748933
17,,p.Ser142Asn,78078810,425G>A,,,,0.2191,0.04781279466
17,,p.Ser206Cys,78079618,617C>G,,,,0.8486,0.08642054154
17,,p.Ser20Phe,78078444,59C>T,,,,0.3868,0.002458319209
17,,p.Ser251Leu,78081415,752C>T,,,,0.6193,0.07588658204
17,,p.Ser254Leu,78081424,761C>T,,,,0.3034,0.04116762482
17,,p.Ser265Arg,78081458,795T>A,,,,0.6707,0.03932764083
17,,p.Ser265Asn,78081457,794G>A,,,,0.7785,0.0528238898
17,,p.Ser332Leu,78082128,995C>T,,,,0.0609,0.007500888836
17,,p.Ser410Phe,78082530,1229C>T,,,,0.8753,0.01527481587
17,,p.Ser448Thr,78083760,1343G>C,,,,0.2426,0.07574216681
17,,p.Ser449Leu,78083763,1346C>T,,,,0.4623,0.05105343606
17,,p.Ser560Phe,78085824,1679C>T,,,,0.0556,0.05520389479
17,,p.Ser688Arg,78087040,2064C>A,,,,1.2043,0.1435171534
17,,p.Ser688Arg,78087040,2064C>G,,,,0.6443,0.04867073042
17,,p.Ser736Asn,78090784,2207G>A,,,,0.9326,0.1000895765
17,,p.Ser918Cys,78092558,2753C>G,,,,0.8375,0.04494007121
17,,p.Ser918Phe,78092558,2753C>T,,,,0.3958,0.05491396301
17,,p.Ser950Asn,78093120,2849G>A,,,,0.3883,0.04859754012
17,,p.Thr149Met,78078831,446C>T,,,,0.4059,0.1331649478
17,,p.Thr182Arg,78078930,545C>G,,,,0.5536,0.1071346038
17,,p.Thr182Met,78078930,545C>T,,,,0.3416,0.0528238898
17,,p.Thr197Asn,78079591,590C>A,,,,0.7506,0.03863681319
17,,p.Thr234Ala,78081363,700A>G,,,,0.0160,0.04426453622
17,,p.Thr234Met,78081364,701C>T,,,,-0.0020,0.003723349746
17,,p.Thr235Ala,78081366,703A>G,,,,0.7746,0.1184702037
17,,p.Thr235Met,78081367,704C>T,,,,0.2812,0.05168716798
17,,p.Thr23Ala,78078452,67A>G,,,,0.1906,0.0212768262
17,,p.Thr274Ile,78081484,821C>T,,,,0.5634,0.04904715418
17,,p.Thr286Met,78081520,857C>T,,,,0.8911,0.04450629169
17,,p.Thr593Ile,78086400,1778C>T,,,,0.5498,0.01525002732
17,,p.Thr602Ser,78086427,1805C>G,,,,0.5417,0.00722795499
17,,p.Thr614Met,78086463,1841C>T,,,,0.0554,0.02040612653
17,,p.Thr653Ala,78086743,1957A>G,,,,0.9255,0.07458212476
17,,p.Thr739Ala,78090792,2215A>G,,,,0.8922,0.03918677498
17,,p.Thr739Ser,78090792,2215A>T,,,,0.6098,0.04986902846
17,,p.Thr753Asn,78090835,2258C>A,,,,0.2299,0.02275807549
17,,p.Thr777Met,78090907,2330C>T,,,,0.4473,0.04254750286
17,,p.Thr806Met,78091484,2417C>T,,,,0.5395,0.1744664533
17,,p.Thr806Pro,78091483,2416A>C,,,,0.4821,0.04849023957
17,,p.Thr833Ile,78092008,2498C>T,,,,0.9317,0.1961833921
17,,p.Thr884Met,78092456,2651C>T,,,,0.8809,0.09841210969
17,,p.Thr927Ile,78092585,2780C>T,,,,1.2463,0.1553507966
17,,p.Tyr110His,78078713,328T>C,,,,0.2292,0.04336015836
17,,p.Tyr191Asn,78079572,571T>A,,,,0.0127,0.02467968125
17,,p.Tyr256Cys,78081430,767A>G,,,,0.4003,0.06355991924
17,,p.Tyr340Cys,78082152,1019A>G,,,,0.1584,0.008185556385
17,,p.Tyr366His,78082308,1096T>C,,,,0.0574,0.04432019856
17,,p.Tyr407Cys,78082521,1220A>G,,,,0.0288,0.04282596564
17,,p.Tyr569His,78085850,1705T>C,,,,0.0971,0.0133502809
17,,p.Tyr609His,78086447,1825T>C,,,,0.1938,0.00146401275
17,,p.Val15Ile,78078428,43G>A,,,,0.8429,0.1749280263
17,,p.Val19Met,78078440,55G>A,,,,0.6733,0.1696740624
17,,p.Val200Asp,78079600,599T>A,,,,0.5479,0.002910326442
17,,p.Val211Met,78079632,631G>A,,,,0.6904,0.03406498691
17,,p.Val220Leu,78079659,658G>T,,,,0.8385,0.01074616211
17,,p.Val230Met,78079689,688G>A,,,,0.2607,0.04621302125
17,,p.Val236Leu,78081369,706G>T,,,,0.5236,0.07140618554
17,,p.Val357Ile,78082202,1069G>A,,,,1.0056,0.1283963006
17,,p.Val388Met,78082374,1162G>A,,,,0.6661,0.09448957614
17,,p.Val400Ile,78082499,1198G>A,,,,0.9426,0.06582676761
17,,p.Val466Ile,78083813,1396G>A,,,,0.1378,0.03081119926
17,,p.Val480Ile,78084526,1438G>A,,,,0.2522,0.02431652387
17,,p.Val544Met,78084818,1630G>A,,,,0.5236,0.08327360526
17,,p.Val547Met,78085784,1639G>A,,,,0.5858,0.0464833662
17,,p.Val548Gly,78085788,1643T>G,,,,0.0951,0.03487726098
17,,p.Val588Met,78086384,1762G>A,,,,0.4193,0.03420443441
17,,p.Val617Met,78086471,1849G>A,,,,0.8478,0.05248202867
17,,p.Val628Leu,78086504,1882G>C,,,,0.9827,0.06722918513
17,,p.Val628Met,78086504,1882G>A,,,,0.6050,0.09565125892
17,,p.Val646Ile,78086722,1936G>A,,,,0.5176,0.01573573428
17,,p.Val718Ile,78087128,2152G>A,,,,0.7281,0.03986656912
17,,p.Val740Met,78090795,2218G>A,,,,0.1451,0.01612988944
17,,p.Val778Leu,78091399,2332G>C,,,,0.4407,0.1373538617
17,,p.Val816Ile,78091513,2446G>A,,,,0.8627,0.2395816562
17,,p.Val84Ile,78078635,250G>A,,,,0.3848,0.07881017278
17,,p.Val886Met,78092461,2656G>A,,,,1.0923,0.08876577794
17,,p.Val890Leu,78092473,2668G>C,,,,0.1974,0.01619753068
17,,p.Val892Met,78092479,2674G>A,,,,0.4298,0.04449722838
17,,p.Val909Met,78092530,2725G>A,,,,0.4728,0.03714624252
17,,p.Val949Ile,78093116,2845G>A,,,,0.9612,0.0643709044