AA_substitution(s),competitive_growth_score,stderr
#Subset 1,NA,NA
A10G,0.545178577564802,0.276260289202912
A129V,-0.106306006463229,0.0525687372752477
A131S,0.971831487406141,0.327676264180179
A150T,0.0687325513507252,0.265307000251999
A150W,0.45104001152728,0.0959802615480267
A152D,-0.0860028290300852,0.0824985562921451
A152T,0.0868700893687614,0.139412134804559
A156T,0.993518202014233,0.223065964447003
A156V,0.387068566163276,0.0582195864555604
A15V,0.763496904925282,0.334290282412438
A5G,1.07938820229417,0.103867843567964
C138R,0.845550357417584,0.0581962088997585
C138Y,0.26520880771169,0.109969810314975
C75K,0.0291888131804175,0.076659040212181
C75R,-0.0272695282836566,0.0356676422054054
C93R,-0.303716824237473,0.0501647531642315
C93S,-0.24833334920164,0.0738400656660538
C93Y,0.0500654295402636,0.117091932718857
D100G,0.207548620429472,0.0798245717623928
D102G,1.58707052669515,0.118719004437875
D102N,0.387737550195573,0.0846475813207533
D127G,-0.374402343246329,0.0791927302148508
D127V,-0.385486253164348,0.0856290624287828
D33G,0.0571055620581851,0.0561081428099364
D33V,-0.195755650389424,0.123268397933137
E118G,0.752800129515783,0.0703868832440468
E118K,0.650491496031679,0.0643542991932006
E118V,0.762905164224114,0.102603945834215
E122G,0.52193002994401,0.0540469409920255
E122K,0.450994654378191,0.0710717830817612
E122L,0.494880041002366,0.048160608619434
E122R,0.705511814183207,0.0308222003018368
E122S,0.424846952004813,0.260896285911788
E122T,1.02918390770292,0.125146762595045
E122W,0.425140331206943,0.0620680603273971
E12G,0.161245013861224,0.0969374598048105
E132D,1.05958246471293,0.150319136890367
E132G,0.494727720233715,0.106985623193709
E143G,0.187031486267298,0.0535428317039833
E145G,0.252862669353624,0.0833818023516145
E145K,0.218322464844165,0.106272523482087
E145Q,1.13116781908707,0.245140855346273
E145V,0.362383421115828,0.0849657079535496
E42G,0.589110805101798,0.031265996624857
E42V,0.545921946914115,0.0816558162507673
E54G,0.76829638849844,0.172502258589865
E78G,0.908079675658313,0.0380969313954116
E98G,2.22636912819321,0.257439719566921
E99G,0.0797281463280613,0.208510043149443
F155S,0.609438056835162,0.0197822864648417
F155Y,0.595422607865079,0.22926059469754
F58L,0.394663774364432,0.197500947002189
F64I,0.974164053242162,0.0732943486190858
F64L,0.633629232751452,0.0634806818006487
F77S,-0.197822909067501,0.123850098323221
F82L,0.0353494566191011,0.087636445997818
G115E,0.184975130131295,0.105644581245979
G34I,0.375882014177588,0.13320923229237
G3R,0.191870065430707,0.0580223013970643
G55E,0.860330858500007,0.0663061300365597
G90R,0.311198862402836,0.230503238248378
H20P,0.0105336121989017,0.0559549740987001
H83R,-0.0170690870928357,0.0623824085469353
I107N,1.45460534274525,0.0878198603177964
I107T,0.153330905138575,0.174845691597514
I107V,1.1000569627622,0.0503053219605987
I109L,0.630022255170231,0.141149032534165
I109N,0.0752512559950823,0.0510901401584346
I109R,0.117432759360583,0.0851720919683044
I109T,0.25801980367144,0.0571766427321815
I112A,0.0621897387690581,0.0822749114219219
I112T,1.82671754132147,0.0996223294489435
I112V,0.775292828207392,0.0450338547216468
I116M,1.71269024526249,0.0309388347645022
I116T,0.719975908603232,0.275709392981583
I116V,0.886904293986936,0.125130039494299
I125F,NA,NA
I125R,-0.220115590096426,0.115255615768886
I125T,0.874672139031929,0.146628984003059
I125V,0.115799194724927,NA
I136T,0.446878887591263,0.0448293104755123
I45T,0.622569969881855,0.125307584173784
I45V,1.50179803312662,0.0645230841990141
I4T,-0.400926090348922,0.163455007545204
I96L,1.04379712493386,0.0685806465644021
I96T,1.53910091954816,0.24399945587583
I96V,1.46587647365751,0.0693677111257046
K101E,0.826056251545198,0.0623711847608479
K101R,1.35099642784964,0.0643987441505682
K110E,0.388892684259474,0.169006782516031
K110R,0.894503730420998,0.0780994292653797
K110T,-0.18798820645795,0.110230793415566
K146E,0.617308106095973,0.0401083924791922
K146R,1.08827561862108,0.141095913748497
K14R,1.28914572756706,0.0382856082158847
K153E,1.15336452989013,0.0952668651819214
K153R,1.22252662840098,0.112962980020511
K154E,0.642946420923238,0.271441772267625
K18R,1.08764760423717,0.0327737919183215
K48R,1.06412621708552,0.0774048248636621
K49E,1.02872823046804,0.112465568592407
K49N,0.792613260376029,0.156968485687451
K59E,0.831131545532507,0.152790839148546
K59N,0.577635005374877,0.0330316689718201
K59R,0.00894062804292901,0.123717311815879
K65E,1.06222734414385,0.208827208403072
K65N,1.68031060265561,0.0738029762591254
K65R,1.45262990332261,0.0299214338587442
K74E,1.42351578697905,0.318747020643748
K74R,-0.335362470844773,0.18487203783554
K74S,1.74794429259386,0.181991276574447
K76E,0.760295367528415,0.0890978353652107
K76R,0.984634145869251,0.044707451382917
K76T,0.988269821243572,0.0921280199175034
L113Q,-0.0162203835238677,0.152506268951954
L113V,0.61763844533866,0.15954972806646
L114I,0.507761567709341,0.157770299609276
L114S,1.12592055712274,0.404318694345738
L119P,-0.0536217550185887,0.044248196539539
L119R,-0.0691576927842799,0.104701787116684
L120P,0.0044774664992443,0.0704121448253114
L38R,0.0243966184291062,0.075045923486318
L38V,0.367362616712675,0.0339043024363686
L60P,0.521794073490965,0.307902545953895
L63V,1.20419271569917,0.132427328431698
L94P,-0.355233738776286,0.122960478636413
L94Q,NA,NA
L97I,1.73758795454651,0.0689714159342886
L97S,0.36234804966907,0.0557894434439867
L9P,0.0378801967331159,0.0717648185175513
M36T,0.292146544748869,0.265770392569248
M39V,0.930517720768749,0.113667705583372
M62I,0.425375914664679,0.142380742435124
M62V,0.862129595280408,0.0767325288545809
N121D,0.858636872805758,0.0708789846049069
N121I,0.159181473800141,0.156400303632477
N121S,0.815336042109982,0.145909248115456
N121Y,0.619671564983088,0.0222710336855382
N124K,-0.168344652785188,0.072467992668418
N124R,-0.0676647885866577,0.0783482578094701
N124S,0.0440657509776658,0.0452911979987442
N140D,0.714763205552469,0.167279034724298
N140S,0.138164487737648,0.126482812183582
N37S,0.912746100576407,0.0956988090982772
N85D,-0.0423131462970813,0.0513466021307011
P123E,-0.114763458759389,0.0615755346853778
P157L,1.01976744998362,0.271984490974022
P157S,0.578089727558967,0.0350715840496314
P28Q,0.0015931717425098,0.239069906480011
P32S,1.29102979185996,0.09487240304838
P52L,0.49129316779305,0.0502339145765802
P73L,0.029427419847459,0.0884438539880514
P84L,0.97624151296806,0.0417293174152607
P84S,0.0643762794271922,0.0895301231165177
P88L,1.29168321327428,0.0403961141612017
P88S,1.19709313481242,0.109662463396942
Q111H,0.629786186003663,0.384048497685675
Q111P,0.841928362300336,0.393175492378083
Q117L,0.506430703638945,0.113842499892906
Q117R,0.475376074614436,0.144190290760203
Q126H,0.19286322665924,0.104096533298485
Q126L,-0.18206240653781,0.274037368079313
Q126R,0.871033735549063,0.0528248119706358
Q130L,0.275132369685445,0.0835936302490363
Q130R,0.855198013527697,0.141970252806251
Q151R,-0.0426152973411553,0.0554316946384336
R104G,-0.162901182858533,0.103111214038165
R104K,0.134189876629882,0.36331771558492
R13G,-0.0554317707133061,0.0828072400036654
R141G,0.0960570968123371,0.0911220390480892
R141I,1.00480556945564,0.101710178233608
R141T,0.25062030602289,0.119775198692119
R147G,-0.157738181211801,0.0772633454752864
R8G,NA,NA
S158A,0.776812174238952,0.0790032844647018
S158P,1.1563964821355,0.108247379296777
S2L,0.0814047417712138,0.0347909945794211
S2P,-0.216277299202207,0.0306691449799965
S2T,0.788021250968387,0.0541156653879048
S70P,0.149309560323536,0.0921928304283629
S71P,0.225173395176979,0.0365727456198148
S71T,0.466009671937395,0.0519353103094514
S7C,0.408942082751649,0.180879769223527
S89A,1.22255871141135,0.118647838454115
S89L,0.544296902594746,0.142566399182702
S89P,0.448657080121231,0.0775559533637979
S95P,-0.0852711344026769,0.0615102192222533
T108A,1.96161743630228,0.0887215109503497
T135A,0.588441687690598,0.0753840794473758
T135M,0.125689035650807,0.136278458956115
T135S,0.426605702247782,0.0548764478340839
T29A,-0.546166989836066,NA
T35A,0.0658704810896509,0.0581663426944367
T51A,-0.0719235272356401,0.0639503782212494
T91A,1.55486606329814,0.211044336144241
V142A,1.04602377972541,0.175386574227149
V142E,1.67036875428924,0.127707619794732
V148A,0.283902094606765,0.114704718295524
V148D,-0.203283665471811,0.154122562781513
V148L,0.054997106160737,0.0800322631000135
V86A,0.359374991439046,0.0529111771168208
V86M,0.942794586237702,0.0561125200068322
V92A,0.611419880305691,0.0991195398993568
V92E,-0.0250706831015251,0.0605231425725621
W103R,0.0706795662518442,0.0658006028647964
W16R,-0.00790034422650189,0.0651056528911216
W41R,0.111708017825139,0.0581027500576281
Y134F,0.444947984973882,0.167526242868028
Y134N,0.156561608471576,0.0934796260531661
Y137C,0.131061619003891,0.11364388455157
Y137S,-0.144731495335115,0.0851562395863514
Y144C,0.0899086747004464,0.105754379797685
Y144H,NA,NA
Y144S,0.208708725323388,0.131801942691868
Y68C,0.166239799396393,0.0476871994325577
Y68H,0.423701794549898,0.106696901906731
Y87C,0.131080601304502,0.0610512727782025
Y87H,0.317998430129709,0.227545715593526
Y87N,-0.0935998934667481,0.0462722345607606
